,0
0,pdfs/finished\AK2224646.html
1,pdfs/finished\AK2224646.pdf
2,pdfs/finished\AK2310900.html
3,pdfs/finished\AK2310900.pdf
4,pdfs/finished\AL0000103.pdf
5,pdfs/finished\AL0000482.pdf
6,pdfs/finished\AL0001265.html
7,pdfs/finished\AL0001265.pdf
8,pdfs/finished\AR0000101.pdf
9,pdfs/finished\AR0000185.pdf
10,pdfs/finished\AR0000349.html
11,pdfs/finished\AR0000349.pdf
12,pdfs/finished\AR0000512.pdf
13,pdfs/finished\AR0000579.pdf
14,pdfs/finished\AR0000688.html
15,pdfs/finished\AR0000688.pdf
16,pdfs/finished\AR0000697.pdf
17,pdfs/finished\AR0000722.pdf
18,pdfs/finished\AR0000735.pdf
19,pdfs/finished\AR0000844.pdf
20,pdfs/finished\AZ0402004.pdf
21,pdfs/finished\AZ0407056.pdf
22,pdfs/finished\AZ0407070.html
23,pdfs/finished\AZ0407070.pdf
24,pdfs/finished\CA0110006.pdf
25,pdfs/finished\CA0910013.html
26,pdfs/finished\CA0910013.pdf
27,pdfs/finished\CA1010021.html
28,pdfs/finished\CA1010021.pdf
29,pdfs/finished\CA1510020.html
30,pdfs/finished\CA1510020.pdf
31,pdfs/finished\CA1910017.pdf
32,pdfs/finished\CA1910030.html
33,pdfs/finished\CA1910030.pdf
34,pdfs/finished\CA1910194.pdf
35,pdfs/finished\CA2410005.html
36,pdfs/finished\CA2410005.pdf
37,pdfs/finished\CA3110003.PDF
38,pdfs/finished\CA3110026.html
39,pdfs/finished\CA3110026.pdf
40,pdfs/finished\CA3210006.pdf
41,pdfs/finished\CA3410008.pdf
42,pdfs/finished\CA3410013.pdf
43,pdfs/finished\CA3410031.pdf
44,pdfs/finished\CA3710015.pdf
45,pdfs/finished\CA4010002.html
46,pdfs/finished\CA4010002.pdf
47,pdfs/finished\CA4210020.pdf
48,pdfs/finished\CA5410016.html
49,pdfs/finished\CA5410016.pdf
50,pdfs/finished\CA5610008.pdf
51,pdfs/finished\CO0121455.pdf
52,pdfs/finished\CO0130105.html
53,pdfs/finished\CO0130105.pdf
54,pdfs/finished\CO0135291.html
55,pdfs/finished\CO0135291.pdf
56,pdfs/finished\CT0473011.html
57,pdfs/finished\CT0473011.pdf
58,pdfs/finished\CT0590011.pdf
59,pdfs/finished\DC0000002.html
60,pdfs/finished\DC0000002.pdf
61,pdfs/finished\DE0000557.html
62,pdfs/finished\DE0000557.pdf
63,pdfs/finished\FL2020204.pdf
64,pdfs/finished\FL3350346.pdf
65,pdfs/finished\FL3494428.html
66,pdfs/finished\FL3494428.pdf
67,pdfs/finished\FL3590205.pdf
68,pdfs/finished\FL3594107.html
69,pdfs/finished\FL3594107.pdf
70,pdfs/finished\FL4060573.html
71,pdfs/finished\FL4060573.pdf
72,pdfs/finished\FL4134365.pdf
73,pdfs/finished\FL4501559.pdf
74,pdfs/finished\FL6421144.html
75,pdfs/finished\FL6421144.pdf
76,pdfs/finished\FL6424630.html
77,pdfs/finished\FL6424630.pdf
78,pdfs/finished\FL6510424.html
79,pdfs/finished\FL6510424.pdf
80,pdfs/finished\FL6535055.html
81,pdfs/finished\FL6535055.pdf
82,pdfs/finished\FL6604862.html
83,pdfs/finished\FL6604862.pdf
84,pdfs/finished\GA0090000.pdf
85,pdfs/finished\GA0390001.html
86,pdfs/finished\GA0390001.pdf
87,pdfs/finished\GA0510229.pdf
88,pdfs/finished\GA0810001.html
89,pdfs/finished\GA0810001.pdf
90,pdfs/finished\GA1050001.html
91,pdfs/finished\GA1050001.pdf
92,pdfs/finished\GA1370002.html
93,pdfs/finished\GA1370002.pdf
94,pdfs/finished\GA1510000.html
95,pdfs/finished\GA1510000.pdf
96,pdfs/finished\GA1850016.pdf
97,pdfs/finished\GA2150000.pdf
98,pdfs/finished\GA2410118.pdf
99,pdfs/finished\IA3070078.pdf
100,pdfs/finished\IA3405012.html
101,pdfs/finished\IA3405012.pdf
102,pdfs/finished\IA6469042.html
103,pdfs/finished\IA6469042.pdf
104,pdfs/finished\IA8486053.pdf
105,pdfs/finished\IA8584000.pdf
106,pdfs/finished\ID5240009.html
107,pdfs/finished\ID5240009.pdf
108,pdfs/finished\ID5340017.pdf
109,pdfs/finished\ID5420058.pdf
110,pdfs/finished\IL0290250.pdf
111,pdfs/finished\IL0310450.html
112,pdfs/finished\IL0310450.pdf
113,pdfs/finished\IL0311860.pdf
114,pdfs/finished\IL0312520.html
115,pdfs/finished\IL0312520.pdf
116,pdfs/finished\IL0312730.pdf
117,pdfs/finished\IL0312760.pdf
118,pdfs/finished\IL0312880.html
119,pdfs/finished\IL0312880.pdf
120,pdfs/finished\IL0314180.pdf
121,pdfs/finished\IL0314740.pdf
122,pdfs/finished\IL0315350.pdf
123,pdfs/finished\IL0970840.pdf
124,pdfs/finished\IL1195110.PDF
125,pdfs/finished\IL1430200.pdf
126,pdfs/finished\IL1630850.pdf
127,pdfs/finished\IL1970450.pdf
128,pdfs/finished\IN5201002.pdf
129,pdfs/finished\IN5221001.html
130,pdfs/finished\IN5221001.pdf
131,pdfs/finished\IN5245015.html
132,pdfs/finished\IN5245015.pdf
133,pdfs/finished\IN5247004.html
134,pdfs/finished\IN5247004.pdf
135,pdfs/finished\IN5254005.html
136,pdfs/finished\IN5254005.pdf
137,pdfs/finished\IN5257008.html
138,pdfs/finished\IN5257008.pdf
139,pdfs/finished\IN5279015.html
140,pdfs/finished\IN5279015.pdf
141,pdfs/finished\IN5287001.html
142,pdfs/finished\IN5287001.pdf
143,pdfs/finished\IN5287004.html
144,pdfs/finished\IN5287004.pdf
145,pdfs/finished\KS2004503.html
146,pdfs/finished\KS2004503.pdf
147,pdfs/finished\KS2010312.html
148,pdfs/finished\KS2010312.pdf
149,pdfs/finished\KS2010313.html
150,pdfs/finished\KS2010313.pdf
151,pdfs/finished\KY0310114.pdf
152,pdfs/finished\KY0540936.html
153,pdfs/finished\KY0540936.pdf
154,pdfs/finished\KY0960126.html
155,pdfs/finished\KY0960126.pdf
156,pdfs/finished\KY1130422.html
157,pdfs/finished\KY1130422.pdf
158,pdfs/finished\KY1150415.pdf
159,pdfs/finished\KY1180468.html
160,pdfs/finished\KY1180468.pdf
161,pdfs/finished\LA1015040.html
162,pdfs/finished\LA1015040.pdf
163,pdfs/finished\LA1023011.html
164,pdfs/finished\LA1023011.pdf
165,pdfs/finished\LA1041006.html
166,pdfs/finished\LA1041006.pdf
167,pdfs/finished\LA1053013.html
168,pdfs/finished\LA1053013.pdf
169,pdfs/finished\LA1073046.html
170,pdfs/finished\LA1073046.pdf
171,pdfs/finished\LA1101011.html
172,pdfs/finished\LA1101011.pdf
173,pdfs/finished\MA2002000.html
174,pdfs/finished\MA2002000.pdf
175,pdfs/finished\MA2151001.html
176,pdfs/finished\MA2151001.pdf
177,pdfs/finished\MA2153000.pdf
178,pdfs/finished\MA2316000.html
179,pdfs/finished\MA2316000.pdf
180,pdfs/finished\MA3254000.html
181,pdfs/finished\MA3254000.pdf
182,pdfs/finished\MA3274000.pdf
183,pdfs/finished\MA3342000.pdf
184,pdfs/finished\MA3344000.pdf
185,pdfs/finished\MA4219000.pdf
186,pdfs/finished\MD0010005.pdf
187,pdfs/finished\MD0010009.pdf
188,pdfs/finished\MD0060012.pdf
189,pdfs/finished\MD0100025.html
190,pdfs/finished\MD0100025.pdf
191,pdfs/finished\MD0170001.pdf
192,pdfs/finished\MI0001740.html
193,pdfs/finished\MI0001740.pdf
194,pdfs/finished\MI0003760.pdf
195,pdfs/finished\MI0003780.html
196,pdfs/finished\MI0003780.pdf
197,pdfs/finished\MI0004090.html
198,pdfs/finished\MI0004090.pdf
199,pdfs/finished\MI0005440.pdf
200,pdfs/finished\MI0007220.pdf
201,pdfs/finished\MN1020013.pdf
202,pdfs/finished\MN1020016.html
203,pdfs/finished\MN1020016.pdf
204,pdfs/finished\MN1700007.pdf
205,pdfs/finished\MO1010177.pdf
206,pdfs/finished\MO1024111.html
207,pdfs/finished\MO1024111.pdf
208,pdfs/finished\MO4010656.html
209,pdfs/finished\MO4010656.pdf
210,pdfs/finished\MO5010576.html
211,pdfs/finished\MO5010576.pdf
212,pdfs/finished\MO6024211.html
213,pdfs/finished\MO6024211.pdf
214,pdfs/finished\MO6024213.html
215,pdfs/finished\MO6024213.pdf
216,pdfs/finished\MO6024300.html
217,pdfs/finished\MO6024300.pdf
218,pdfs/finished\MS0240084.pdf
219,pdfs/finished\MS0250021.pdf
220,pdfs/finished\MS0450007.pdf
221,pdfs/finished\MS0610013.pdf
222,pdfs/finished\MS0770003.pdf
223,pdfs/finished\MT0000153.html
224,pdfs/finished\MT0000153.pdf
225,pdfs/finished\NC0114030.pdf
226,pdfs/finished\NC0188010.html
227,pdfs/finished\NC0188010.pdf
228,pdfs/finished\NC0190413.pdf
229,pdfs/finished\NC0416028.html
230,pdfs/finished\NC0416028.pdf
231,pdfs/finished\NC5026027.pdf
232,pdfs/finished\ND0901483.pdf
233,pdfs/finished\ND1801056.html
234,pdfs/finished\ND1801056.pdf
235,pdfs/finished\NE3112703.pdf
236,pdfs/finished\NE3115303.html
237,pdfs/finished\NE3115303.pdf
238,pdfs/finished\NJ0232001.pdf
239,pdfs/finished\NJ0610001.html
240,pdfs/finished\NJ0610001.pdf
241,pdfs/finished\NJ0712001.html
242,pdfs/finished\NJ0712001.pdf
243,pdfs/finished\NJ0808001.html
244,pdfs/finished\NJ0808001.pdf
245,pdfs/finished\NJ1340001.html
246,pdfs/finished\NJ1340001.pdf
247,pdfs/finished\NJ1424001.html
248,pdfs/finished\NJ1424001.pdf
249,pdfs/finished\NJ1525001.pdf
250,pdfs/finished\NJ2108001.html
251,pdfs/finished\NJ2108001.pdf
252,pdfs/finished\NV0000011.html
253,pdfs/finished\NV0000011.pdf
254,pdfs/finished\NV0000255.pdf
255,pdfs/finished\NY1600012.pdf
256,pdfs/finished\NY2602371.html
257,pdfs/finished\NY2602371.pdf
258,pdfs/finished\NY2704518.pdf
259,pdfs/finished\NY2902822.html
260,pdfs/finished\NY2902822.pdf
261,pdfs/finished\NY3503531.html
262,pdfs/finished\NY3503531.pdf
263,pdfs/finished\NY3503554.html
264,pdfs/finished\NY3503554.pdf
265,pdfs/finished\NY4100041.pdf
266,pdfs/finished\NY5001212.html
267,pdfs/finished\NY5001212.pdf
268,pdfs/finished\NY5103705.html
269,pdfs/finished\NY5103705.pdf
270,pdfs/finished\NY5404416.html
271,pdfs/finished\NY5404416.pdf
272,pdfs/finished\NY5821130.html
273,pdfs/finished\NY5821130.pdf
274,pdfs/finished\NY5903425.html
275,pdfs/finished\NY5903425.pdf
276,pdfs/finished\OH1801003.html
277,pdfs/finished\OH1801003.pdf
278,pdfs/finished\OH2000212.pdf
279,pdfs/finished\OH2201411.pdf
280,pdfs/finished\OH3102212.pdf
281,pdfs/finished\OH3600614.html
282,pdfs/finished\OH3600614.pdf
283,pdfs/finished\OH5701212.html
284,pdfs/finished\OH5701212.pdf
285,pdfs/finished\OH7803203.html
286,pdfs/finished\OH7803203.pdf
287,pdfs/finished\OK1221637.html
288,pdfs/finished\OK1221637.pdf
289,pdfs/finished\OK3004001.pdf
290,pdfs/finished\OK3006112.html
291,pdfs/finished\OK3006112.pdf
292,pdfs/finished\OK3007223.pdf
293,pdfs/finished\OR4100246.html
294,pdfs/finished\OR4100246.pdf
295,pdfs/finished\OR4100566.html
296,pdfs/finished\OR4100566.pdf
297,pdfs/finished\OR4100693.pdf
298,pdfs/finished\OR4100798.html
299,pdfs/finished\OR4100798.pdf
300,pdfs/finished\OR4100914.html
301,pdfs/finished\OR4100914.pdf
302,pdfs/finished\OR4100957.html
303,pdfs/finished\OR4100957.pdf
304,pdfs/finished\PA1090128.html
305,pdfs/finished\PA1090128.pdf
306,pdfs/finished\PA3060052.html
307,pdfs/finished\PA3060052.pdf
308,pdfs/finished\PA4490023.html
309,pdfs/finished\PA4490023.pdf
310,pdfs/finished\PA5300005.pdf
311,pdfs/finished\PA6420019.html
312,pdfs/finished\PA6420019.pdf
313,pdfs/finished\PA7360113.pdf
314,pdfs/finished\PA7360143.html
315,pdfs/finished\PA7360143.pdf
316,pdfs/finished\SC2410001.pdf
317,pdfs/finished\SC3220003.html
318,pdfs/finished\SC3220003.pdf
319,pdfs/finished\SC3320001.html
320,pdfs/finished\SC3320001.pdf
321,pdfs/finished\SC3910003.html
322,pdfs/finished\SC3910003.pdf
323,pdfs/finished\SC4320001.pdf
324,pdfs/finished\SC4610002.pdf
325,pdfs/finished\SD4600304.html
326,pdfs/finished\SD4600304.pdf
327,pdfs/finished\TN0000037.html
328,pdfs/finished\TN0000037.pdf
329,pdfs/finished\TN0000073.html
330,pdfs/finished\TN0000073.pdf
331,pdfs/finished\TN0000349.html
332,pdfs/finished\TN0000349.pdf
333,pdfs/finished\TN0000511.pdf
334,pdfs/finished\TN0000569.pdf
335,pdfs/finished\TN0000813.pdf
336,pdfs/finished\TX0030016.pdf
337,pdfs/finished\TX0200645.pdf
338,pdfs/finished\TX0310002.html
339,pdfs/finished\TX0310002.pdf
340,pdfs/finished\TX0610080.html
341,pdfs/finished\TX0610080.pdf
342,pdfs/finished\TX0710018.pdf
343,pdfs/finished\TX0790324.pdf
344,pdfs/finished\TX0840002.html
345,pdfs/finished\TX0840002.pdf
346,pdfs/finished\TX1010062.html
347,pdfs/finished\TX1010062.pdf
348,pdfs/finished\TX1010159.html
349,pdfs/finished\TX1010159.pdf
350,pdfs/finished\TX1010539.pdf
351,pdfs/finished\TX1010554.pdf
352,pdfs/finished\TX1011256.html
353,pdfs/finished\TX1011256.pdf
354,pdfs/finished\TX1013178.html
355,pdfs/finished\TX1013178.pdf
356,pdfs/finished\TX1020002.html
357,pdfs/finished\TX1020002.pdf
358,pdfs/finished\TX1050002.pdf
359,pdfs/finished\TX1080006.pdf
360,pdfs/finished\TX1080010.pdf
361,pdfs/finished\TX1080234.pdf
362,pdfs/finished\TX1630010.html
363,pdfs/finished\TX1630010.pdf
364,pdfs/finished\TX1840079.html
365,pdfs/finished\TX1840079.pdf
366,pdfs/finished\TX1940002.html
367,pdfs/finished\TX1940002.pdf
368,pdfs/finished\TX2200060.html
369,pdfs/finished\TX2200060.pdf
370,pdfs/finished\TX2270001.html
371,pdfs/finished\TX2270001.pdf
372,pdfs/finished\TX2270012.html
373,pdfs/finished\TX2270012.pdf
374,pdfs/finished\UTAH18010.pdf
375,pdfs/finished\UTAH26086.html
376,pdfs/finished\UTAH26086.pdf
377,pdfs/finished\VA2165525.html
378,pdfs/finished\VA2165525.pdf
379,pdfs/finished\VA2171850.html
380,pdfs/finished\VA2171850.pdf
381,pdfs/finished\VA3095490.html
382,pdfs/finished\VA3095490.pdf
383,pdfs/finished\VA5031150.pdf
384,pdfs/finished\VA5143396.pdf
385,pdfs/finished\VA6137500.pdf
386,pdfs/finished\WA5300710.html
387,pdfs/finished\WA5300710.pdf
388,pdfs/finished\WA5339800.html
389,pdfs/finished\WA5339800.pdf
390,pdfs/finished\WA5340900.pdf
391,pdfs/finished\WA5356820.pdf
392,pdfs/finished\WA5375560.html
393,pdfs/finished\WA5375560.pdf
394,pdfs/finished\WA5385050.pdf
395,pdfs/finished\WA5391450.pdf
396,pdfs/finished\WA5393353.html
397,pdfs/finished\WA5393353.pdf
398,pdfs/finished\WI2410556.pdf
399,pdfs/finished\WI4200476.html
400,pdfs/finished\WI4200476.pdf
401,pdfs/finished\WI4430495.html
402,pdfs/finished\WI4430495.pdf
403,pdfs/finished\WI4450409.html
404,pdfs/finished\WI4450409.pdf
405,pdfs/finished\WI6090462.html
406,pdfs/finished\WI6090462.pdf
407,pdfs/finished\WI6320306.html
408,pdfs/finished\WI6320306.pdf
409,pdfs/finished\WV3302502.pdf
410,pdfs/finished\WV3303516.pdf
411,pdfs/finished\WV3305411.pdf
412,pdfs/finished\WY5600011.pdf
413,pdfs/finished\WY5600042.html
414,pdfs/finished\WY5600042.pdf
